sample-0	dc8408b2861e12618292b58dfa4fb551	01010,10101,01110,11111,11111	38	62	217
sample-1	9a79e2fee965907e2b9df462c0d65c0b	11011,00100,01010,11011,00100	217	94	38
sample-2	8f9448673d9d417d51d3ebafa175c8c7	01110,01010,10001,00100,00100	217	136	38
sample-3	067f652f7d3cf3e0c8906078f1aa2233	00100,11111,00000,00000,10101	217	150	38
sample-4	5816d968cb2b7c2f2269152aab347ab3	10001,01110,01010,11111,10001	74	38	217
sample-5	f4361364737bbc6eba8f98032b2e491a	00000,01110,01010,10101,10001	73	38	217
sample-6	a714e0736318127a16e7fd42fcf5573d	01110,10001,00000,11111,00100	192	38	217
sample-7	6578597a37e5f02982993b7b44a327d5	10101,00000,01010,10101,10001	85	217	38
sample-8	500eb2f2f6aeeb3eb34e1df228245a65	11011,10101,11111,00100,01010	38	207	217
sample-9	bfc3a4c1033e73080eeea7925517a829	01010,11011,00100,01010,10101	54	217	38
sample-10	fb4c5c19c743dfc5f7190d08d1d1bff4	11011,00000,00100,01110,10001	217	160	38
sample-11	f8f3f5d7cb5c2ea67ecac25a821fbf2c	00000,10101,10001,11011,10001	217	180	38
sample-12	1847cbbbc3868c037f39e7bf06951ce1	10001,10101,10101,11011,10101	38	217	122
sample-13	4db0dd49153afc7c2c2ccc47f17932a9	00100,11011,00000,10101,00000	217	137	38
sample-14	532596ad258bf560671b932d9e653a3f	11011,01010,00100,01010,10001	217	38	146
sample-15	a0c95ea75fa93694001289542c7d5e37	11111,01110,00100,10001,00000	160	38	217
sample-16	42705d24175c63efbf604052e1c8e883	00100,11111,11011,00100,10001	217	158	38
sample-17	5a0109fa9c8fa65160523114618a2d68	10001,00100,11111,10001,01110	217	141	38
sample-18	bc94f410b1446a9ac5b1479302aaa52d	11011,10101,11011,10101,00000	217	217	38
sample-19	2a7b2af4042e409395f4a7e4765ad9e5	11111,10101,11011,11011,01110	38	217	107
sample-20	8fffea6bb91c7753741d7665f895da32	01110,11011,00000,00000,00100	38	178	217
sample-21	d4752823553f76395c1944bce37718e2	01010,01110,00000,10001,00100	163	217	38
sample-22	6cfbf3f7b5540fd4b667b073c9779628	00100,10101,10001,00000,00000	38	119	217
sample-23	e9ac1ac544dce0b058b1125934ab5f45	01110,11011,10101,11111,01010	83	217	38
sample-24	120b6fef0775551fb5c06163b545711e	00000,01110,00100,01010,00100	42	217	38
sample-25	1fbd0551465c99516920faf81dc68484	00000,10001,00000,01010,01110	217	38	187
sample-26	270585110b9bd2afeb0e8105e38b8396	00100,00000,00100,11011,10101	158	217	38
sample-27	03472cd2af4374504c69f383b3df7e63	11111,00000,01110,11011,00100	136	217	38
sample-28	9090c851f195de0064b6db168465714d	01010,00100,00000,10101,10101	101	217	38
sample-29	36e29bfea4d5c7301d055f3af2a48f73	00000,00100,11111,01110,01010	217	215	38
sample-30	4fa91952ad1988e1937615db55bf27d4	00100,00000,11111,11011,10001	38	217	66
sample-31	819d7d131d25328a62ae318e043d516d	10101,00000,00000,10001,10001	111	217	38
sample-32	e3543b93126a4068bf512719d7615e30	10101,10001,10001,10101,11011	38	217	175
sample-33	59301564b19b6d36e129b8b3bf624cea	00000,01010,11011,00100,00000	217	38	79
sample-34	c6630781a2ac35b13410dab3106339a5	10101,11111,00100,01010,01110	217	64	38
sample-35	5fa69a4fd14a575e8d5784e76715806d	11011,11011,00100,00100,00000	38	217	155
sample-36	6b25773ee0bb5ab2a9f309a3e596172a	00100,00000,01110,11011,01010	38	217	55
sample-37	bbf8dcfe5b6466526b38feef890f3dce	11011,10001,11011,10101,00000	38	146	217
sample-38	1f50a9215dd70fd71f7fc1201eeb3f9c	00000,01010,10001,00100,00100	217	38	111
sample-39	3b1b2b58c23ca22c3ff08c07e477b33d	00000,10001,11011,11011,11111	96	217	38
sample-40	708bc81ea895722eca78ac4364ac42e9	01010,00100,01110,11011,11111	82	217	38
sample-41	20460de42062a8b79e0475c05338938d	10101,11111,11111,11111,01110	180	217	38
sample-42	47b955495ce77e7062bab4e6cb4a02ed	10101,01010,00000,10001,01010	80	38	217
sample-43	d32a1643adc50099794bf6908f98e8de	11011,01010,10101,11111,00000	217	38	65
sample-44	8025301f591c671ee75bc6f23b5b4ea1	01110,10101,10101,00000,00000	84	38	217
sample-45	ae7c0c2c899f01b63d8d755c6e8c0ee2	01110,01110,11011,01110,00100	217	38	136
sample-46	7f416196bf6bb49317a697f2071b9677	10001,00000,01110,10001,00100	38	217	157
sample-47	b43a13d981861360d49ba808a47c8ee6	10001,10101,00000,01110,10001	95	217	38
sample-48	ab01268e7a4f9e0a022fc6c6e836ece8	11111,01010,01110,10001,11111	38	202	217
sample-49	dd09bfb6ab08e92bf8c5db7faa8a5d2b	10001,10001,11111,01010,10001	38	47	217
sample-50	17206f17c92668a718c031ff3b75796a	10001,10001,10101,11111,10101	91	38	217
sample-51	b5f03c29cacf6d87a5d5046c1e8b475e	11011,01010,10001,01110,11011	217	38	136
sample-52	4772fface45eea5ad7d09125e2a000da	00100,11011,11011,11111,01010	217	214	38
sample-53	b55aaf0077807e9fd405356986cd2b2f	10001,11011,01010,10101,00100	38	217	137
sample-54	a412fadbc1d2210bc26756862cd52894	01110,10101,10001,01110,10001	183	38	217
sample-55	ae764d5c4166332c5e3c44b709d75ada	10101,10101,01010,01110,10101	38	94	217
sample-56	33d1781c3c636fb61401cb2d801698d6	11011,00000,11011,00000,01010	217	44	38
sample-57	11c10a5954ce0fa8144515952ae74e00	11011,10001,10101,00000,11111	54	38	217
sample-58	f21c0d591e0c124498f53d2aab0827e6	10001,10101,00000,10101,11111	63	38	217
sample-59	0b735d97d5d9a9b2a4ac730e624aaa16	00100,00000,10001,00000,00000	217	192	38
sample-60	49cfeaba29128f93f39f55b41589cd3b	01110,10001,11111,01010,00100	38	217	52
sample-61	7c94cf33c646c36801e9c57a6c6638b1	10001,10101,10001,01110,11111	154	38	217
sample-62	44d0deb8648e0d8da90683f3c73dc6aa	11111,10101,11011,01110,11011	38	217	166
sample-63	6e6f5dc75119eaf380fdded070c55864	00100,01110,10101,10001,00000	217	90	38
sample-64	e33797f38b693b61275504f4005a64bb	10101,00000,00000,01010,10001	217	62	38
sample-65	acc73ba6ecabbdad3e57baa34815d387	10101,01110,01110,01010,11011	38	211	217
sample-66	73dda84caa21063aa9a42dcd8f04a7cf	11011,01010,11011,11011,01110	217	38	104
sample-67	af55d03fe34b8d7ac7e8c75416f0dc05	11111,00000,10001,01010,00000	38	217	146
sample-68	c3cf3bbfb57fc51e30efc261c723929f	00100,00000,10101,00000,00000	38	217	159
sample-69	e403b89c1ba897d2f63f27b3425b8697	11111,10101,01110,00000,00000	217	196	38
sample-70	19b0602ec7ccd05b5d12c15f57caf186	11011,11011,01010,11111,00100	38	217	203
sample-71	150d0a1b918d3953bf280be9a4aea98d	11011,00000,00100,00000,00100	82	217	38
sample-72	f47861ac88667f32cba03b81f417b12e	10001,11111,01010,01110,01110	121	217	38
sample-73	cc4667ae04a1a5f8207235db9b3d4960	10101,01110,11111,01110,01110	77	38	217
sample-74	be6f6f4a29fda280ed54f465a32afa38	00000,01110,11111,11011,10101	183	217	38
sample-75	83165c3da011ca86008379c1671815cb	01110,00000,10001,11111,11011	38	217	156
sample-76	8b42e497a07927ff5fa99f618ca34087	01110,00000,10101,01110,01110	170	38	217
sample-77	ec4737d95addac85afe387bb309b5ae3	00100,00100,10101,10001,11011	217	79	38
sample-78	31db64e2513c583241df3d895eb4e835	01010,11011,01010,10001,00100	217	38	125
sample-79	8663a281676d6c38caf4c452b293352b	11111,01110,10101,11011,00100	217	211	38
sample-80	9206a7510b921564439237028d4aafc7	00000,10101,00100,01110,10101	214	38	217
sample-81	fa9249af4e32009b8910c3e25e2cc10e	00000,11111,10001,11111,01110	217	38	160
sample-82	adf4d0867caa959bbeb41b5f963921b0	11111,11011,01010,00100,01010	38	217	98
sample-83	59f5d095b671bfbb76944d5d3d5fcd3a	01010,00000,00000,00000,01010	217	38	214
sample-84	28110fb5b09d1fa0ba7445776de6b6b0	00100,00100,00000,00000,11111	217	38	179
sample-85	49acb8a7d9b4a36908c07f5c5f1b397d	01110,11011,10101,00100,10001	217	38	98
sample-86	6e982aff8163eb8a901a0f277896f87e	11111,00100,10001,01110,10101	38	177	217
sample-87	8bff6b72746a3fe9be0c6e7976ea0639	10101,10001,01010,00000,11111	38	217	144
sample-88	111afdedf2e280e0651f4fa19a31401d	10001,11011,10001,10101,11011	38	70	217
sample-89	2907233beae2917ee6af12bab92f195c	10101,10001,00100,01010,01110	38	137	217
sample-90	b4b4d840106ec915091e16b74af3034f	11011,11111,11011,00100,01010	57	38	217
sample-91	aa212cd7f71ae64867ffc5c922715423	01110,10101,10101,10001,10101	217	202	38
sample-92	c652ff484dcc2c418d8309bbd3fe1146	10101,11111,11011,11111,10001	128	217	38
sample-93	5a4652f1e006a7ae8826712218d19c8a	11011,10101,10101,01110,11011	38	162	217
sample-94	ea15b39b6caf3bc982d0c9625bf19dc2	10101,00100,00000,01010,11011	124	38	217
sample-95	f83d6daad4017ec5901141ec499d539e	10001,01110,01010,10001,11111	38	109	217
sample-96	4d1da56b466e1068423f1dfd707fdcee	10101,11011,00000,11011,11111	217	72	38
sample-97	26d666fd305d71b67d9192f80b1fc04a	01110,00100,00000,00100,01110	69	38	217
sample-98	7935af23adcb9266a59570f37520b445	10001,01010,00000,11011,10101	52	217	38
sample-99	a54f11c8d0eeec56d12db0f57f1c437c	10101,11011,11111,10001,01010	217	38	98
sample-100	b7770ede9c4bf56aa77d7c409eff2893	11011,00000,01010,00000,11111	217	38	105
sample-101	ed99b17afb65721baf163b039c182246	10101,00000,01010,10001,00000	134	38	217
sample-102	4023283ca88d177ba2eb90b8711d56bb	11111,00100,01110,01010,01110	217	113	38
sample-103	8dbd3c74349ed7ece7c91c77d6ccd803	01110,10001,01010,00000,11011	38	217	136
sample-104	0038f2128bc3d976ac9687f73d0a46e7	11111,00100,01010,01110,00000	197	38	217
sample-105	13561f6c631d3d2628bd92b749489fa0	00000,01010,01010,01110,10001	38	131	217
sample-106	2e788781e3dc502f3b8cfacfa3b35d7e	00100,11111,00000,11111,10101	148	217	38
sample-107	946e3fee977677d6e614d6f8216a1ec0	00000,11111,01110,00100,00000	217	133	38
sample-108	606fcd8aec9647f496b48fe54a4dc675	00100,11111,11111,01010,01110	38	63	217
sample-109	1ccba1197a9b24ef8be6b7966fdee28f	00000,00100,10101,10001,11111	217	38	47
sample-110	454649512333d7f90e0ccd93d01007d5	00100,00000,00100,01110,00100	217	42	38
sample-111	6ebe0f1f78aaed31ba72b9f6c1e50101	10101,10101,10001,00100,01110	217	165	38
sample-112	db7271b56436d19820d690c5e4b985f7	00000,10001,00000,01110,01010	79	217	38
sample-113	da850992aff74aeb47936f0e71f8b414	00000,00100,11111,11011,10101	217	170	38
sample-114	53ac03344509add336b2073be5e39f52	10001,00000,11111,01110,00100	38	217	75
sample-115	a725725be0192b02074fa1e625c12e23	01110,00000,10101,01010,11011	38	217	66
sample-116	560c9c1a647daa44329f9e72b4451382	01010,00100,11111,11111,11011	109	217	38
sample-117	dfe86abf4863b795b58665c7580d0919	11011,00000,00100,01110,01110	38	213	217
sample-118	5bbee1bd844d480b0e83d5ddb9549403	10001,00000,10001,11111,11111	38	128	217
sample-119	42f1843b97cfd113432cac4ced2c2cc3	11111,00100,00000,00000,00100	206	38	217
sample-120	8c3d036ac3ed781eb20d2fa5c6e52436	10101,01110,01010,11011,00100	38	217	143
sample-121	044d0630cc1081b4d4dba67e275f5230	01110,10101,11111,01010,01110	38	217	175
sample-122	c2646d7d225e032e05bed4611c262423	00100,10101,10101,01110,11111	137	38	217
sample-123	4907bf18598947103a19febc3f1d621e	10101,00000,11111,00000,00000	217	38	98
sample-124	5be786e8ca2b2afcb662a524c6568647	11011,01010,11111,11011,01110	38	217	105
sample-125	ac18f6768b658e42169ad2be74935d9e	11111,00100,11011,11111,10001	89	217	38
sample-126	6f06b3ba9d51894ad07850e1c96e8de7	00100,00000,11111,00100,10001	38	121	217
sample-127	3a94897d41ef2e5129a50b1d665dcb60	10001,00100,10001,11111,00100	38	217	107
sample-128	9d852da32c044aa56be22766238053b5	10001,11011,10101,11011,11111	161	217	38
sample-129	2631e8185c2e51450c9f3dc6739cab05	11111,10101,01010,00000,11111	153	217	38
sample-130	4f9e4a0c7d5211062e507f192facde51	01110,11011,01010,00100,10101	217	38	60
sample-131	402aa9ea591104cfd400efd7bc8cc28f	00100,01110,11111,10101,10101	164	38	217
sample-132	29910fa5d05ea91821b84cd9c2f2a989	00100,11011,10001,00000,01110	198	217	38
sample-133	83f277485fed21b250226f49feadb0e4	10101,01010,11011,00100,00000	217	38	127
sample-134	a09487883e55846bd9f44a48f05b5787	00100,01110,11011,10101,11111	217	62	38
sample-135	188c54445b5e6a81991365a4b6d56379	01010,11111,11111,10101,10001	38	217	139
sample-136	0fe6071dfb3a649de61920f73923f11f	00100,10001,10101,10101,00100	38	140	217
sample-137	daceec09f766e976591bda46f53df7bd	11011,11111,10101,00100,00100	44	217	38
sample-138	ccd7425593d49ec0709301fde8243881	01110,10101,00000,10001,10101	38	207	217
sample-139	e1631ba8008fc3a80ad75532612eac67	10101,01010,11111,01010,11011	217	117	38
sample-140	1d480aff2d20eb19d1fa3549b3d842f8	11011,10001,10101,01110,00100	138	217	38
sample-141	1673d65cf69e7952c66fa1f5324fbc06	01010,10101,01010,00000,01010	217	193	38
sample-142	7cd919a4f43ad49e9e03374559dc35e1	00000,11111,01010,10001,01010	38	92	217
sample-143	ccb411b923a694a23d95298fffadda25	10101,10101,00000,11111,10001	217	38	60
sample-144	7d8983570ef55e2a99a193d3f881c78d	00000,00000,00100,11011,11111	38	183	217
sample-145	d7c50de60f46a3ea5f74b74aa87c3eea	10001,11011,11111,01010,10101	38	184	217
sample-146	fbd12cef5848df3cb5b7200b909e6912	11011,11011,00000,00000,01110	217	80	38
sample-147	a4501a8c40fb67207c4416d465266467	01110,01110,11011,01110,11011	51	217	38
sample-148	f36fb9a2a74ae0bc53ae23c70ac97f8a	10001,11011,11111,11011,00000	46	38	217
sample-149	c5a74e0547d9e8ec0107bf6f75fdee1b	01110,01010,10101,11011,10101	38	217	82
sample-150	55fe582e513afbc233ff459314ffc549	01010,11011,01010,00100,10001	61	217	38
sample-151	2701115e17f8a67810b13684189ebe55	00100,10001,11111,10001,00000	38	175	217
sample-152	4f66d4a69d578043b721a2ece713f98b	01110,01010,11111,10101,10001	38	217	155
sample-153	f10e383b733447ce0373ea68089bf8f7	01010,10001,10101,00100,10001	38	176	217
sample-154	e9d255883e212688ad13951334c2887f	10101,01010,11011,10101,11011	77	217	38
sample-155	67e4e6748be461e936c588014ee74211	11111,10001,11111,01110,10101	217	38	112
sample-156	86e45ae984fb793f5c8e9869354f736d	01110,01110,00100,01110,01010	40	217	38
sample-157	3ca4d36488f6e719b6adae206548d85d	00000,11111,11111,01110,01010	42	217	38
sample-158	e1ed4c29d662995c38fe45625a9d1501	11111,11011,00100,00000,01110	38	42	217
sample-159	515421d070f36aa8a9cc76cd5b16ceec	00000,00000,11011,10101,11111	67	38	217
sample-160	73ea4cdd091dc8023713da29c2839910	01010,00000,10101,11111,10101	217	207	38
sample-161	90e16977c9d369b44ea12a6e08b7a546	00000,00100,10101,01010,00100	38	169	217
sample-162	520739bf775603b68a2e0663a870cc56	00000,10101,10101,00000,00000	38	187	217
sample-163	bc7a23189e2b0f65f17aae56906fb2ae	10001,00100,11011,00100,11111	217	67	38
sample-164	eae3ac754b19bf5584ea77784d0e1c00	01110,00100,00100,01010,00100	198	38	217
sample-165	ca73ce86d61bb473a7329e91fb9b7f09	01110,01110,01010,10001,01110	101	38	217
sample-166	b9eee0b393c36678a7b9303ae6451e61	11011,00000,10101,10101,00100	38	217	101
sample-167	64ec3f6cbae2ea2b930308b2c9ea9316	10101,11111,11111,10101,11011	38	88	217
sample-168	39a23bad9fd770172218a0486a31b00a	00000,01010,00100,10101,00000	38	70	217
sample-169	9727b10f133cc59419bc07754231e175	00000,11011,10101,00000,00000	217	185	38
sample-170	169089dfa0b4e52ae16e8631ebb6b69d	00000,10101,10001,01110,11111	108	38	217
sample-171	53ab6df3bafbe069c86cda65f3382654	00000,00000,10101,10001,11111	180	217	38
sample-172	ae4f608d15d98e07b87a4f95fa2dc655	01110,01110,10101,10001,10101	38	71	217
sample-173	713fb6336c9dc9f74bef4d9afbc3fd15	01010,00000,10001,01010,01010	112	38	217
sample-174	872c60504914defcfb960db9491069eb	01110,10001,01110,11111,00100	38	146	217
sample-175	e444ef9554e931c70f01958dd2f977b8	10101,00100,00100,00100,11111	196	217	38
sample-176	959fd07d0391513961bcddc9a6af536f	01010,00000,00000,01010,00000	38	217	129
sample-177	122d6837b18ebab856e8ce18b2d131d1	11011,10101,00100,10001,00100	207	217	38
sample-178	00d55d563f8cd109fbf6c9a62a734890	10101,10101,01010,00000,10001	38	53	217
sample-179	cb767fc680bceaf235f5cdece3dceb26	00100,11011,11011,11111,01010	137	217	38
sample-180	4ce70d111ceb7c794a1d4b764068e938	10101,00100,00100,10001,01110	217	66	38
sample-181	a77eac06bdfbeecd2249311b9ee05018	01110,01010,11011,10101,10101	217	38	113
sample-182	444b296befaaef8a7c26c3a64c30476b	10101,11111,10101,01010,10101	140	38	217
sample-183	61091e2bad2dcdfdcb3cab1ba4ccdb77	11111,01010,10101,01010,00000	74	217	38
sample-184	e409f0a37bce8701229dc0b2e98f305a	11111,11111,10101,00000,10001	38	112	217
sample-185	89d4a56c3159265add95141ff183f324	00100,01010,11011,10101,00100	217	140	38
sample-186	93401936252d130ac109d6730561bc74	10001,00000,01110,01110,10001	38	217	41
sample-187	ea89217f68796eca09ebbeeba8ba91be	00100,00100,10101,11011,11111	38	168	217
sample-188	7da54ce071133a0ef9f6f8a6d6ff063e	01010,01010,01110,10001,10101	38	217	150
sample-189	c7d7f6f06c8ecb193c4fac88633c1737	11111,10001,11011,01010,01010	179	217	38
sample-190	1d3196dd3ed7c9411344d474825b6b8f	01010,00000,10001,00000,11011	217	196	38
sample-191	1e70098b5d8dc2ff6ba53e225a99879b	10001,01110,10001,10101,00100	38	43	217
sample-192	f8812e32b10e32ad6a7d1a893e444136	11011,10101,01110,10001,10101	217	38	154
sample-193	8211da24b795cccc7e830f3ffb4add77	01110,01110,11011,10001,10001	80	38	217
sample-194	57bc60a6f10ef40ab8bfa32bc51e5cff	11011,11011,01010,10101,10101	53	217	38
sample-195	460912e8653ef974a580ff74d27a33cd	01110,11111,01110,01010,00000	217	204	38
sample-196	6383eb341be7f1b018b5493988dc1cb7	10101,00000,01110,00000,00100	38	159	217
sample-197	42d28408a2ea162ebbcd959321b4613d	11111,11111,01010,11111,11111	217	152	38
sample-198	21dd50eb13605afaaafe9c644ff9a465	11111,11011,00000,10001,00000	217	38	40
sample-199	b7b7857d81e1e12abe4eec8eee45a893	10001,00000,10001,01010,10101	217	38	154
sample-200	ccd1d8088948d785307cb31f647ba60c	11111,11111,01010,01010,10001	95	217	38
sample-201	8241468ebb24b30b7c3e6e7d68ba96fd	11111,11111,01110,00000,10101	38	168	217
sample-202	a25ea7fd168fdbd7db715c9d91417673	10101,00100,00000,00100,01110	217	122	38
sample-203	7267dfd3e3211f2c13fe04216e0345ed	10001,00100,00100,01010,10001	217	38	171
sample-204	7648b672902903ad48144f594131b6de	11011,00100,11111,00100,11011	217	118	38
sample-205	82c6a62394a64bd10185f1a9816bcd28	11111,11111,10101,00100,01110	217	133	38
sample-206	5545ccc57685ab08070ae971e1a3ecb0	11011,01010,10101,00000,11111	217	148	38
sample-207	1bc99186d4a62c042f848dace4255c2d	10001,11011,11111,10001,11011	118	217	38
sample-208	7ae5976261d0189976c29f2c4d2f8e5f	00000,11111,01110,11011,00000	207	38	217
sample-209	62b5d6af9e2e5baab7a06eefae21ea19	11111,11111,00000,00000,11011	217	38	163
sample-210	3e496de8cb4565d06936cee34c6845a0	10001,01110,11111,01010,00100	155	38	217
sample-211	114a6ceb9499ca6344a97f7c0c9c5953	01010,01010,10101,10101,11111	168	38	217
sample-212	d448885e15f2b38e0adcb8db7c89f018	01010,10101,01110,00100,10101	164	38	217
sample-213	3922f2a418a44956fba9fb067abfca22	11011,11011,11111,00100,01010	44	38	217
sample-214	441c73aa8db6d771623c3fec4468a728	00100,11111,01010,01110,00000	100	217	38
sample-215	a275abfac5f2f346d52ba6eb76f522c4	00100,10101,01010,01010,10101	38	217	147
sample-216	056dc1a9e3bc1e223b69337252d79c34	00100,11011,00100,11011,10101	205	217	38
sample-217	c947c891533745d320bb7e295b810e91	01110,00000,10101,00000,00100	94	38	217
sample-218	589b8107baaf58cc97ff31595c118464	10001,01110,00000,10001,11111	132	38	217
sample-219	689b326583c5995c2869c55ad1ac4de6	11111,01110,00000,01010,00000	217	150	38
sample-220	e862630e67aec1a439a21e02bfa390e1	10101,11111,11111,01110,10101	217	38	62
sample-221	41f854c44c4306e692b3437b87b536ba	11111,01010,11011,11111,11011	38	217	197
sample-222	620d525a4d5016cd5ae1d01c9448d83a	01110,10101,01110,11011,10001	108	217	38
sample-223	819441c6d290c66cef61288a141d53af	00100,11011,11011,10101,11111	120	217	38
sample-224	84c80ede95752171a4cd6862db26f61c	01110,00100,11111,00100,00100	71	38	217
sample-225	3900b8d638a95ee9dd6cc19be1b04959	11011,00000,01110,10101,11011	217	151	38
sample-226	19d8c5ebceb0eb82a5e15d476ac446a8	00000,11011,10001,01110,11111	45	38	217
sample-227	b963daf1913f73bdd87d12d3bede7f58	01010,00000,00100,00000,00000	217	38	114
sample-228	ce93d281211f0bb4bec305dbf6379c9e	01110,01110,10001,01010,00000	38	217	97
sample-229	d73e54aaa0a6f7f87c752047a855fc54	11011,11011,01010,01110,01010	38	194	217
sample-230	98f7092dafb64fccf6f8e30041e2012d	00000,11111,10001,01010,10101	217	164	38
sample-231	cc069b4cb46d210b495f09062bc7bf04	10101,01110,11111,00100,11011	113	38	217
sample-232	811cb8c8b394911140a6b684985d989c	01110,11011,01010,00100,00000	38	192	217
sample-233	30cf8bf8d7e27c9ae6dd17649bbbc138	10001,10101,01110,10001,00100	110	38	217
sample-234	4906a85f1b36290e5a9afe7d5ad5c798	01110,10001,10101,00100,10101	50	38	217
sample-235	5481a755d6a7450531e29a8ba81413a3	10001,00100,10101,00000,11111	38	212	217
sample-236	7bc486f2eb089d0489eea7da70021089	11011,10001,01110,01110,10101	217	39	38
sample-237	2fc93b263c3c07493e07a79e6ff3a47a	00100,11011,11111,00000,11011	217	38	41
sample-238	c79c9a7dad6cc170a92a3981e6c5e8a2	11111,10001,10001,01110,00000	38	217	135
sample-239	612a2b511eab3c5ff6f8b875137d1fe4	10101,00000,00100,10101,01110	162	217	38
sample-240	4c2fac4117d02cae69508a569357a4e5	01110,11111,10101,10001,10101	172	217	38
sample-241	d1640e178da9948ed4ffd2f50664b17c	11011,00000,00100,11111,10101	38	217	109
sample-242	950686eba519a7e0eec8b0b14027d801	01010,01010,10101,01110,10101	217	49	38
sample-243	de74c17c9d97c64eb8b7912b35a4a36c	00000,00100,11011,10101,10101	38	217	59
sample-244	aa76da96bab4d129ed38abaf7a691343	01110,10101,01010,00100,11011	38	55	217
sample-245	771ae85b027be32cac85c32160ef736d	01010,00000,10001,01110,11111	217	101	38
sample-246	d3eb258526472b5088a3f5443866f7c6	10001,01010,10101,01010,01110	38	190	217
sample-247	41a819708a52c81a50f4cbb3e5888990	00100,10001,11111,11111,01010	38	217	52
sample-248	054a0e9b2dec70cd80f29207ca202169	11111,10001,00100,11111,10101	38	74	217
sample-249	862cfefe5c4e48181839c4c68520a038	11111,10101,11111,10101,01010	52	217	38
sample-250	4edb2eb901dada9d303b17943af9ddef	01110,10101,00000,11011,00100	59	38	217
sample-251	6b511ccba8b9f9cdd54543a5e70c160a	01110,01010,00000,01010,11011	38	217	153
sample-252	89ff669ae05cc9498203ef55693ef13f	01110,10001,11011,01010,11111	38	133	217
sample-253	63d9ea81127fd8c5efe40ab530ec9446	01110,01010,00000,10001,11111	217	100	38
sample-254	d848e8baec72683665ec4c089b0e0394	01010,10101,11111,11111,01110	64	38	217
sample-255	7c97e5ddfb10f23eab72fcf6b3bb4fca	00000,10101,00000,10001,00100	145	217	38
sample-256	bb8f8237139ab1dd27aae71145b5be7a	01010,10001,00100,00000,00100	38	217	63
sample-257	4e8f0037665012b040af2fefa68e5ee6	01110,10101,00100,11011,01110	38	217	120
sample-258	a06c6cec614e6ac8ebec68e8cf94717c	11111,11111,11111,11111,10101	217	38	66
sample-259	a9abb8afb88a44baf43253e30cf6d609	11111,11011,10101,10001,01010	192	38	217
sample-260	dc3929560a40ad2e3049eafffb285128	10001,10101,11011,01010,11111	71	38	217
sample-261	9cbb04b950e529653aa9b46a168ce725	11011,00100,10001,00000,11111	38	217	120
sample-262	2fcf5b08a1da7288f647363a820f4640	00100,11011,01110,11011,10001	217	176	38
sample-263	ebab30c080239456eae74f933b24332a	11111,01010,01110,11011,01010	70	38	217
sample-264	6a728f7c8c1c0bb0086f7175cf8923c5	00100,10101,11011,01110,01110	217	38	69
sample-265	902c10462b60b58edf853a51019bef41	11011,11111,01110,01110,10001	217	146	38
sample-266	776f903f03f833f99125e702fbe2d422	01010,10001,00100,01010,00000	120	38	217
sample-267	3f2e35e9f003f457c561ddd78f5ec957	10001,01010,00100,10101,01010	217	38	80
sample-268	c9603ce8ba850de43b6bb6404fb1a6af	11111,01010,11111,00100,11011	217	38	59
sample-269	89b8a5e7dc50294dccd6dc0b27f02745	00100,11011,10001,00100,11111	38	217	213
sample-270	201f457a1a436d8c53af98e412235af5	10101,00100,11011,00000,11111	217	181	38
sample-271	f9c43785c8f3ba759e4ebb8e8e09c9d4	00000,01010,00100,11111,01010	217	38	170
sample-272	31ec50032d09a4bfda2044e1ecc1edd1	11011,01010,10101,11111,00000	178	38	217
sample-273	05590b27dbf05dae9c5fa6d8ee3b9b62	00100,11011,00000,00000,10101	217	38	157
sample-274	049a1954fb7036a0b285a99065881056	00100,10101,01010,10101,10001	38	217	52
sample-275	41145d271dea174ab29f9c7776cd082a	10101,11011,00000,00100,10001	38	217	136
sample-276	0b62028b38cf17df5915b2c29fabe075	11111,01010,00100,00100,01110	217	38	60
sample-277	ecd9f572e605e163237b4bc513fa716c	10101,00100,11011,01010,11011	129	217	38
sample-278	4fc2016f3d8719bfb45ee2d440048767	10101,01010,00100,00100,00100	217	39	38
sample-279	2878852bc45792c3fa11593915c079ea	00100,01110,00000,11111,11111	38	217	66
sample-280	b6622ef550a39d9623d12a27d5a184ca	11011,00100,00100,00100,01110	38	217	58
sample-281	6ca52ba9b8df1c4d0262d5278ae2cc7a	00100,01110,00100,10001,11111	53	38	217
sample-282	c1df4eee12ac84a1d2d3a7d60ae77a0e	11111,11011,11011,10001,11111	54	38	217
sample-283	3311826826cc56b7a58c8ad05a015e94	11011,11011,01010,11011,01110	38	83	217
sample-284	040786ba8102787e45223e60219420f9	11111,10101,01110,11011,00100	217	144	38
sample-285	6fe9e02d2b4fda433f4972b520a42f85	11111,01010,00100,11011,10101	217	81	38
sample-286	d135483159516ac74d5cb6f1fdbfcc3b	01010,00000,10001,10001,10101	217	38	189
sample-287	1b57d1ce4e2b1d33896d0f6b04212253	10001,01010,01010,01010,01010	119	217	38
sample-288	f8cf8c6fcbf94f156802226b9434ab0e	01010,01110,10101,01010,00100	114	217	38
sample-289	e08dacab1bbd42375ca891eb5de1bfe9	01110,01110,10101,10001,00100	217	38	180
sample-290	5cdb51f1a01cc8cc9e0691909a96d63b	00000,10101,10001,11011,11011	38	43	217
sample-291	01f54b326525dd29fab669b570eb9fca	10101,00000,01010,01010,10101	217	100	38
sample-292	0fa0fedd0994aab577ace56578da969b	01110,10001,10101,11111,00000	38	160	217
sample-293	6d270533811de3c05ed0096838a885a5	00100,00000,10101,01010,10101	38	173	217
sample-294	af0ef2c4e9df060cd3145d5c322f5692	01110,01010,11111,11111,10001	217	185	38
sample-295	c8d32263811da1a27c7872df7251fee6	01110,01110,10001,01010,10101	217	194	38
sample-296	85fc97bb90dcd2540fa2ff0f70e4ae35	00100,10001,00000,10101,01010	217	98	38
sample-297	d7b40e35c2c866d76bb1213e4d32b169	11011,10001,10001,11111,01110	208	38	217
sample-298	2bf881c0c5cfafeaa2d69fce938ffd15	10101,01010,11011,01110,10101	157	217	38
sample-299	4f6a91e55cca158418af6fd3049e82e6	10101,11011,00100,00100,11011	86	217	38
sample-300	01d61403d199ee985452e9ba64a6e11b	01110,01010,10001,10101,00000	84	217	38
sample-301	8ffd8dcc8268787c6fe3b08dcb9cbc2a	10101,11011,01010,11011,01110	102	38	217
sample-302	2d93fdcfc5397605cf0923b011879b78	00100,01010,00000,11011,10001	217	141	38
sample-303	d3fcde301eabd18fdb1faa65a4c7503e	11011,00000,01010,00100,11011	75	217	38
sample-304	bc148117eefca2d163974e7a766a0fc6	00000,10101,10001,11111,01110	38	217	111
sample-305	405a99614ef6026b1309bab8114615da	00100,11111,10001,11111,11011	217	124	38
sample-306	4592804c31bafd658781eea79d5b5dfa	01110,11011,01010,00100,10101	217	38	215
sample-307	341591e7600b9f106b0cc9cf59ee6ca6	10001,01110,00000,01010,01010	38	87	217
sample-308	6d71c00bf7fb0666d36cf73e47bf33c2	01110,01010,10001,10001,10101	38	217	200
sample-309	018681a0a290c4c6939c15548b22290f	00100,11011,11111,11111,11111	69	38	217
sample-310	2f02cb456cb202b57aa362f667b4f76c	00100,11011,10101,11111,01110	38	217	197
sample-311	b0488ef539293df4a2cfbb3abf402908	11011,00100,00100,00100,00100	217	38	88
sample-312	2ecc28266cf6c3e5460117b5525f2d17	01110,11111,11111,01110,11111	217	197	38
sample-313	dc3e962381b93c9a9f44af67dadb49d7	01010,01110,00000,11111,00000	51	38	217
sample-314	9d4b1bb24a28c2e97c84957c6aed04bf	10001,10001,11111,11011,11011	56	38	217
sample-315	d0dc2a33197ed7e138aa6142adcab8dc	01010,10101,00000,00100,10101	217	38	186
sample-316	7ead7f9a24eeaa0d346f33e3856d0a53	10001,10101,11111,11011,11011	38	217	44
sample-317	12a820721088e42d8802bd746628a9d5	11011,10101,11111,10101,11111	38	217	94
sample-318	a424f46307f0eb9e025f25a8323edc37	01110,11111,10101,01110,00000	217	189	38
sample-319	d92d5a8ca11823e898c65d640e647ad1	01010,11011,11111,01010,10001	217	38	146
sample-320	4a369afb50879e9213576da9d2f92e10	11111,00100,00000,10101,01010	196	217	38
sample-321	ed3902172713f4f2fb88321be0e05075	01110,00000,00000,11011,00100	217	97	38
sample-322	5497fd4428c2c89f4fe23b528c113447	10001,11111,11011,11011,01010	132	38	217
sample-323	4d815abee9f367cab2e4081e6d1f9e90	01110,00000,11111,01010,10001	203	38	217
sample-324	6d9f5877f22c55745ed576df4e100ac8	11111,10001,00000,00000,01010	217	38	168
sample-325	62e6e7d0e84b1929a34d20ce8bd056cb	10101,00100,01110,01110,11111	115	38	217
sample-326	7aa19837b433a67f897d1b0bd3789082	01010,00100,10101,10001,01010	163	217	38
sample-327	ab1a98530f43c7d29d5c6bcf142e9cbf	11111,00000,10001,01110,00000	115	217	38
sample-328	a4bc134ec884a2060d78390871a3853e	10101,11111,11011,11111,11011	217	148	38
sample-329	e44a68ad89f941348529c6d38737b6d4	01110,01110,10101,01110,00100	38	217	164
sample-330	caf7e769020e2343bf491e2a18675577	10101,11111,10001,01010,11111	38	190	217
sample-331	021680ae95417996e42d248d9f70489b	11111,01110,01010,00100,00100	217	38	76
sample-332	722769f826c92e6a0690a0ed3b7f8898	10001,00100,11111,11011,11111	94	38	217
sample-333	822db9e388d42cc2af6fe9e860b98e99	00100,11111,10101,11011,11011	217	87	38
sample-334	47ffa5bbb3efd7f9805a6495ce9e8a46	10101,00000,00000,00000,00100	217	38	131
sample-335	c9e68937e4faf42dfab66366f4bf39de	00100,10001,00100,11111,11111	77	217	38
sample-336	02f882de16b827a53c16fb7c6d18d829	01110,10101,11011,00100,11111	201	38	217
sample-337	87e6a3c7633cff99ed7f19e4ec6cccf3	00100,11011,00100,01110,00100	156	38	217
sample-338	6e92fcd50a7582d6d3af8ba9701aa090	01110,00100,10001,11111,01010	217	45	38
sample-339	c30541a3756cad1d83f5bd3e828c65a3	10101,11011,10101,00000,00100	217	209	38
sample-340	3ac083293fc34266d412b2b348549e58	10001,01110,10101,10101,10101	38	195	217
sample-341	7f1c25bcb4ba33b9a0db4fa04893e30c	00000,10001,01010,00100,01110	38	178	217
sample-342	df688a9694606731b2e665d798af5038	11011,10001,11111,00100,01110	38	171	217
sample-343	89d0dfa2745431bd1754fbdb7fb0793f	00100,11011,01010,00100,01010	217	38	59
sample-344	2b16022f0ac313f235c177a82c7e70a2	11111,01010,00000,01110,01110	161	38	217
sample-345	d7a0d724fd8dfe4485ac44dd56b78f35	10001,01010,01110,10101,10001	38	217	131
sample-346	a8ddcd3b2e6fcf41ef84e1ae975199f1	10101,00100,10001,01010,11111	38	217	171
sample-347	bad1c1d64dd4079b83af22468937c7fa	00000,10101,11011,01010,00100	38	135	217
sample-348	d84aca14b95ffd5ed11f073be65b745d	01010,00100,01110,00100,00100	38	217	107
sample-349	70dff99727793d5543b3e1038a8e75cb	00000,00100,00000,01010,00000	38	46	217
sample-350	ea5d906a3918a4e5dc9590c853982340	01110,11111,11011,10001,10001	155	217	38
sample-351	11ef002432c2637d3a8daca7381b0f94	11011,11011,11111,00000,01110	38	210	217
sample-352	618ab0dbd1e397a82fd34d2437b7d88b	11111,00000,00100,00100,10001	38	217	198
sample-353	242cb413dffabce9bee1784dcd299a6b	01110,10101,00100,10101,10001	205	38	217
sample-354	1c0f4b33e11421b83c09f70f75531404	00000,10101,10101,01010,00100	39	217	38
sample-355	8e8107c551cfaa084c7a21341446d5fe	10101,01110,10101,10001,10101	109	217	38
sample-356	c8dabf6239093646504a1b1b0e75c197	10101,01110,01010,10101,10001	217	38	141
sample-357	d3ab12215348e4548f1fbb036a45ee8f	11011,11011,10101,10001,00000	38	65	217
sample-358	f19559f32df313348072d63062701ad1	00000,00000,00000,01010,00000	217	201	38
sample-359	0667839fec063c6e1dc564d3572857f7	10101,10101,00100,11011,11111	38	217	160
sample-360	4e4a000efa234ff18ba7b6ad38329002	11111,01110,11111,00100,01110	38	204	217
sample-361	43365a617798394e64030cdd4c4451fb	01110,11011,00000,00100,10001	145	38	217
sample-362	ce153a184f35aa61eada8891f0ad82fd	01110,00100,11011,11011,10001	217	84	38
sample-363	cbf08a70acd3a8923f237286676ca6de	01110,00000,11011,11111,01110	38	217	178
sample-364	35c64520ef7e77d7c3dafe4856fe5c7d	00000,11011,01110,01110,00100	38	217	149
sample-365	5d9d2c345ccb873c6d7186f047864b11	11011,00000,11011,00000,01110	38	217	185
sample-366	1406b14eea8f6755c3b08bf2b8d35702	10001,01110,11111,01110,01010	38	161	217
sample-367	7da1e75a6de685927b01f81ad397eb54	10001,10001,11111,01010,00100	155	217	38
sample-368	26ec66b0105815bac3cc59d67c6e9614	01110,10101,01110,00100,01110	156	38	217
sample-369	c6ce6591bb6e7d1f0b277f2e22e1c3a4	10101,10101,00100,00100,00100	202	217	38
sample-370	a119e364714f5772fbb1ef50ac5fe48f	10101,01010,01010,00000,00100	153	38	217
sample-371	bff33882183c01085d6b2fa7bb7d07f6	01010,11011,11011,00000,11011	93	38	217
sample-372	817ff63d38e8a3c269806b57ddc0dfc6	11111,10001,10001,00000,11011	217	38	189
sample-373	c13df2f813f6a3512d3322bae51fe26a	01110,10001,11011,00000,00000	52	217	38
sample-374	c3181eb8898905019fe8b56c2ea16ff8	11111,00000,11011,01110,10001	217	38	130
sample-375	544f9a3f00fc23ff455314a58cc087cd	01010,10101,10101,01010,01010	178	38	217
sample-376	0e1ca96ea5cb6ad21aa0302125e560f1	10101,01110,11011,11111,00100	38	217	76
sample-377	d2d76eb62944c1c7adf5f98034666784	11011,10101,11011,01010,10101	101	217	38
sample-378	6c502770fc808e31bb48798527f5ab94	10101,10101,11011,10101,01110	38	217	214
sample-379	faec73f4924624c56e7b42e091026c15	10001,10101,11111,10101,11011	217	106	38
sample-380	b3f2b2327bc6588fbe34e119845dc2b2	11011,10001,01010,10101,10001	103	217	38
sample-381	f492ea757cde71f942cf99881cf7b838	01010,10101,00000,00100,01110	192	38	217
sample-382	c0576bda2591372494dffb58d31205c9	00100,00100,01010,01010,10101	190	217	38
sample-383	94cabe2c5f75ffff58845e9273576ae4	01010,01110,01110,00100,00000	172	217	38
sample-384	3d885eca460e8d6a8ab7fe2a5fa03e14	11011,11011,11111,01110,11011	217	38	63
sample-385	3a46ad886259a8f44b60a80e2a365c2b	00000,01110,11111,11111,01110	38	69	217
sample-386	0eb9328f4fec3057141b1ceb97c29803	11111,11111,00000,11011,00000	38	217	201
sample-387	fe378b5ee93b603ae9d0c1eb4fa00239	00000,00100,11011,11011,00100	217	38	63
sample-388	f0eba98797c85805dfac8e0e6c009bca	10001,11111,00100,10001,10101	128	38	217
sample-389	980ce4bca70571162da2788d81f0eaf5	11011,00100,01110,01110,00100	217	168	38
sample-390	e4703ba54e23cfa7fc1cf1e5377548b8	10101,01110,10001,01110,11011	38	217	180
sample-391	9c37adce650f35a4a39d82d081ea0426	10001,01110,01010,01010,10101	217	166	38
sample-392	9bf7440460276716f46bc43ae7d4d82f	11011,01010,11011,01010,01110	38	217	205
sample-393	2b4ba75018739a711ae7f630491ac5ac	00100,00000,01110,10001,01110	38	143	217
sample-394	ab0166027bf30af2febe2349e957f807	01110,01010,11111,10001,00100	38	127	217
sample-395	a7a4a0ccbcfd4912ca3da2e616fcdbb8	01110,01010,11111,00100,01110	38	217	149
sample-396	880539c4128591661596004f7e945cdc	10101,01110,01110,00000,11011	217	38	133
sample-397	27224414eb083a9a5c8dd3e8be01f5ad	11111,10001,01110,11111,00100	217	38	172
sample-398	3270c0fb0f590f5c805c8fd497a4fdd0	01010,00100,10001,01110,00100	38	217	193
sample-399	614b3e15e2b482bf94764f775f8c153c	01110,10001,10101,11011,01010	217	38	69
